"","Aud_eng","Hap_eng","Vis_eng","exc_eng"
"Aud_eng",1,-0.416508383672818,-0.624759777740675,0.0179878543460087
"Hap_eng",-0.416508383672818,1,0.234442054849412,-0.620581340017573
"Vis_eng",-0.624759777740675,0.234442054849412,1,-0.0526781374291979
"exc_eng",0.0179878543460087,-0.620581340017573,-0.0526781374291979,1
