"","Aud_eng","Hap_eng","Vis_eng","exc_eng"
"Aud_eng",1,-0.176009214288287,-0.0083958377014357,-0.275987431325133
"Hap_eng",-0.176009214288287,1,0.554494444882044,-0.392847354235938
"Vis_eng",-0.0083958377014357,0.554494444882044,1,-0.0646474323331505
"exc_eng",-0.275987431325133,-0.392847354235938,-0.0646474323331505,1
